caption,path,dataset,target
grabbing a slice of pizza isolated over white,cc/validation/7701_1993401887,imagenet170,pizza
domestic food and homemade pizza .,cc/validation/7701_1993401887,imagenet170,pizza
nothing beats a pizza made on the grill !,cc/validation/7701_1993401887,imagenet170,pizza
close - up of a spinning pizza,cc/validation/7701_1993401887,imagenet170,pizza
domestic food and homemade pizza .,cc/validation/7701_1993401887,imagenet170,pizza
a pizza topped with slices of tomatoes .,cc/validation/7701_1993401887,imagenet170,pizza
what kind of topping do you want on your pizza ? pizza .,cc/validation/7701_1993401887,imagenet170,pizza
pizza with ingredients on the wooden table,cc/validation/7701_1993401887,imagenet170,pizza
pizza with pepperoni and ham on a white,cc/validation/7701_1993401887,imagenet170,pizza
a pieces of pizza is on the wooden board,cc/validation/7701_1993401887,imagenet170,pizza
hands in the kitchen putting the ingredients on the pizza .,cc/validation/7701_1993401887,imagenet170,pizza
person fired pizza oven in traditional - patio,cc/validation/7701_1993401887,imagenet170,pizza
flame in a pizza oven,cc/validation/7701_1993401887,imagenet170,pizza
"half cheese , half olive - topped pizza .",cc/validation/7701_1993401887,imagenet170,pizza
the first pizza coming out of my heater 's black oven .,cc/validation/7701_1993401887,imagenet170,pizza
seamless pattern with the ingredients of pizza .,cc/validation/7701_1993401887,imagenet170,pizza
"despite conducting research all over the globe , one of his favourite offerings is actually inch pizza",cc/validation/7701_1993401887,imagenet170,pizza
cutting hot pizza straight from the oven for a family dinner,cc/validation/7701_1993401887,imagenet170,pizza
"couple cooking in the modern kitchen , preparing pizza",cc/validation/7701_1993401887,imagenet170,pizza
funny chef delivering pizza on a moped vector art illustration,cc/validation/7701_1993401887,imagenet170,pizza
person a slice of pizza,cc/validation/7701_1993401887,imagenet170,pizza
special pizza for the day,cc/validation/7701_1993401887,imagenet170,pizza
pizza on a board and ingredients on the table .,cc/validation/7701_1993401887,imagenet170,pizza
pizza served on a wooden platter .,cc/validation/7701_1993401887,imagenet170,pizza
"family , mom , dad and son eating pizza in the car",cc/validation/7701_1993401887,imagenet170,pizza
young man biting a piece of vegetarian pizza,cc/validation/7701_1993401887,imagenet170,pizza
a slice of pizza with different ingredients .,cc/validation/7701_1993401887,imagenet170,pizza
picture from the movie pizza,cc/validation/7701_1993401887,imagenet170,pizza
"from pizza to tacos and from soup to skewers , here are recipes where pork is the star !",cc/validation/7701_1993401887,imagenet170,pizza
fire inside a pizza oven,cc/validation/7701_1993401887,imagenet170,pizza
friends drink beer and talk while waiting for pizza in a restaurant .,cc/validation/7701_1993401887,imagenet170,pizza
adding pineapple to a the pizza,cc/validation/7701_1993401887,imagenet170,pizza
couple talking and eating pizza in cafe in the city,cc/validation/7701_1993401887,imagenet170,pizza
i asked for a slice of pepperoni pizza .,cc/validation/7701_1993401887,imagenet170,pizza
hand holding a slice of pizza,cc/validation/7701_1993401887,imagenet170,pizza
the classic pizza at restaurant,cc/validation/7701_1993401887,imagenet170,pizza
options for delivery of pizza .,cc/validation/7701_1993401887,imagenet170,pizza
seamless pattern with a picture of pizza and various food .,cc/validation/7701_1993401887,imagenet170,pizza
small boy eating slice of pizza and looking with interest aside .,cc/validation/7701_1993401887,imagenet170,pizza
"paddle for the oven , cutter for pizza , cook , rubbing cheese .",cc/validation/7701_1993401887,imagenet170,pizza
"happy baby : the parents had to prod the crying out of summer by taking away a slice of pizza she was eating , but they gave it back a few seconds later",cc/validation/7701_1993401887,imagenet170,pizza
ingredients to prepare a home made pizza .,cc/validation/7701_1993401887,imagenet170,pizza
chef on the scooter with pizza in his hand,cc/validation/7701_1993401887,imagenet170,pizza
"hot pizza on a paddle , straight from the oven",cc/validation/7701_1993401887,imagenet170,pizza
a vector illustration of a sliced pizza .,cc/validation/7701_1993401887,imagenet170,pizza
pizza on a white background,cc/validation/7701_1993401887,imagenet170,pizza
eating pizza at a party on the roof,cc/validation/7701_1993401887,imagenet170,pizza
"industry , low sided pans that are used in the oven for baking things such as cookies or pizza .",cc/validation/7701_1993401887,imagenet170,pizza
pizza from our features menu this week !,cc/validation/7701_1993401887,imagenet170,pizza
picture of a closeup pizza with cheese and pepperoni,cc/validation/7701_1993401887,imagenet170,pizza
"close up of pizza with ham , mushrooms , onion and pickles in a box",cc/validation/7701_1993401887,imagenet170,pizza
"stylish teen girls with a longboard eating pizza outside , red metal wall urban background .",cc/validation/7701_1993401887,imagenet170,pizza
pizza : let 's dig in to this inch dish of slices :),cc/validation/7701_1993401887,imagenet170,pizza
pizza in a cardboard box -- stock photo #,cc/validation/7701_1993401887,imagenet170,pizza
"pizza is a wonderful thing , so you should do everything you can to preserve its dignity .",cc/validation/7701_1993401887,imagenet170,pizza
make pizza a staple in your house with this easy how - to guide on making homemade pizza .,cc/validation/7701_1993401887,imagenet170,pizza
pieces of pizza on a white background .,cc/validation/7701_1993401887,imagenet170,pizza
we live in a society where pizza gets to your house before the police .,cc/validation/7701_1993401887,imagenet170,pizza
friends eating pizza on the streets,cc/validation/7701_1993401887,imagenet170,pizza
close up shot of a black baking sheet with dough and a person who is putting on different kinds of ingredients for pizza,cc/validation/7701_1993401887,imagenet170,pizza
close up shot of a typical pizza,cc/validation/7701_1993401887,imagenet170,pizza
business men and women eat pizza in the office,cc/validation/7701_1993401887,imagenet170,pizza
ingredients to prepare a home made pizza .,cc/validation/7701_1993401887,imagenet170,pizza
this is how my friend orders pizza from business .,cc/validation/7701_1993401887,imagenet170,pizza
hollywood : eating pizza : this is what pop artist does on vacation,cc/validation/7701_1993401887,imagenet170,pizza
a smiling man holding a slice of pizza in his hand,cc/validation/7701_1993401887,imagenet170,pizza
black and white illustration of a chef holding a pizza,cc/validation/7701_1993401887,imagenet170,pizza
side view of a friends are sitting on sofa and eating pizza in house,cc/validation/7701_1993401887,imagenet170,pizza
real world fractions ... what fraction of pizza has been eaten ... is left ?,cc/validation/7701_1993401887,imagenet170,pizza
card you have a pizza my heart .,cc/validation/7701_1993401887,imagenet170,pizza
ditch the delivery and whip up a homemade pizza with recipes and tips for pizza - making success .,cc/validation/7701_1993401887,imagenet170,pizza
a slice of pizza with different ingredients .,cc/validation/7701_1993401887,imagenet170,pizza
"a slice of homemade pizza with mozzarella , biological species and tomatoes .",cc/validation/7701_1993401887,imagenet170,pizza
hand holding a slice of pizza,cc/validation/7701_1993401887,imagenet170,pizza
hand throwing flour on the table and preparing pizza dough,cc/validation/7701_1993401887,imagenet170,pizza
a pizza with green peppers among the toppings,cc/validation/7701_1993401887,imagenet170,pizza
people walking and eating pizza in a bar on the street in the historical center,cc/validation/7701_1993401887,imagenet170,pizza
top view of slices of pepperoni pizza in a small cardboard box .,cc/validation/7701_1993401887,imagenet170,pizza
cheerful friends at a party eating pizza,cc/validation/7701_1993401887,imagenet170,pizza
are you a fan of food ? a city boasts some of the best pizza in the world .,cc/validation/7701_1993401887,imagenet170,pizza
kitchen : these guys know how to maker great wood - fired pizza .,cc/validation/7701_1993401887,imagenet170,pizza
girls my age are getting married and pregnant and i 'm over here still afraid to order pizza over the phone .,cc/validation/7701_1993401887,imagenet170,pizza
steak restaurant : child 's pizza - straight off the children 's menu .,cc/validation/7701_1993401887,imagenet170,pizza
hand drawn pizza with ingredients on the white background .,cc/validation/7701_1993401887,imagenet170,pizza
friends making pizza and drinking beer and wine in the kitchen,cc/validation/7701_1993401887,imagenet170,pizza
christmas pizza on the wood board,cc/validation/7701_1993401887,imagenet170,pizza
pizza for the kids with extra cheese .,cc/validation/7701_1993401887,imagenet170,pizza
add a counter beside your pizza oven to prepare the dough and toppings,cc/validation/7701_1993401887,imagenet170,pizza
"group of young friends enjoying a meal , eating pizza",cc/validation/7701_1993401887,imagenet170,pizza
a man about to take a bite out of his pizza,cc/validation/7701_1993401887,imagenet170,pizza
"if you love these flavors on pizza , it 's time to branch out to pasta .",cc/validation/7701_1993401887,imagenet170,pizza
a man 's hand takes a piece of pizza,cc/validation/7701_1993401887,imagenet170,pizza
young man on a scooter delivering pizza .,cc/validation/7701_1993401887,imagenet170,pizza
a boy is eating a piece of pizza during an out - door picnic,cc/validation/7701_1993401887,imagenet170,pizza
a homemade pizza from scratch,cc/validation/7701_1993401887,imagenet170,pizza
person fired pizza : not sure of the name but it was good !,cc/validation/7701_1993401887,imagenet170,pizza
friends drink beer and talk while waiting for pizza in a restaurant .,cc/validation/7701_1993401887,imagenet170,pizza
person of pizza holding an extra large pizza in oven,cc/validation/7701_1993401887,imagenet170,pizza
pizza served on a wooden platter .,cc/validation/7701_1993401887,imagenet170,pizza
picture from the movie pizza,cc/validation/7701_1993401887,imagenet170,pizza
a female hand sprinkles a pizza with grated cheese close - up .,cc/validation/7701_1993401887,imagenet170,pizza
portrait of a happy father being fed a piece of pizza by his son,cc/validation/7701_1993401887,imagenet170,pizza
young man taking a slice of pizza in a restaurant,cc/validation/7701_1993401887,imagenet170,pizza
gluten free pizza out of the oven,cc/validation/7701_1993401887,imagenet170,pizza
a photo of a pizza on a charcoal grill .,cc/validation/7701_1993401887,imagenet170,pizza
head chef showing another how to make pizza in a commercial kitchen,cc/validation/7701_1993401887,imagenet170,pizza
illustration of a pepperoni pizza -- stock vector #,cc/validation/7701_1993401887,imagenet170,pizza
the pizza sits on a base made of chips,cc/validation/7701_1993401887,imagenet170,pizza
a group takes a friday night tour and poses in our courtyard after stuffing themselves with pizza .,cc/validation/7701_1993401887,imagenet170,pizza
cooked pizza on the wooden board,cc/validation/7701_1993401887,imagenet170,pizza
friends eating pizza on the streets,cc/validation/7701_1993401887,imagenet170,pizza
this strawberry balsamic pizza was even better than i hoped !,cc/validation/7701_1993401887,imagenet170,pizza
what kind of topping do you want on your pizza ? pizza .,cc/validation/7701_1993401887,imagenet170,pizza
girl pouring herbs over homemade pizza .,cc/validation/7701_1993401887,imagenet170,pizza
a man with a slice of pizza in his hand as he looks at the camera,cc/validation/7701_1993401887,imagenet170,pizza
pattern seamless slices of pizza on a white background,cc/validation/7701_1993401887,imagenet170,pizza
"pizza with salami , cheese and cucumber on a white",cc/validation/7701_1993401887,imagenet170,pizza
"if you want to save your homes , resources , neighborhoods and possibly even souls , you must provide pizza .",cc/validation/7701_1993401887,imagenet170,pizza
a slice of pizza with different ingredients .,cc/validation/7701_1993401887,imagenet170,pizza
pretty girl sitting in the restaurant and eating pizza,cc/validation/7701_1993401887,imagenet170,pizza
a slice of pepperoni pizza,cc/validation/7701_1993401887,imagenet170,pizza
young man taking a slice of pizza in a restaurant,cc/validation/7701_1993401887,imagenet170,pizza
steak restaurant : child 's pizza - straight off the children 's menu .,cc/validation/7701_1993401887,imagenet170,pizza
ingredients to prepare a home made pizza .,cc/validation/7701_1993401887,imagenet170,pizza
pizza on a wooden background .,cc/validation/7701_1993401887,imagenet170,pizza
hands taking pieces of pizza from a cardboard box,cc/validation/7701_1993401887,imagenet170,pizza
put that pizza on the grill !,cc/validation/7701_1993401887,imagenet170,pizza
pizza in a box of hands,cc/validation/7701_1993401887,imagenet170,pizza
this is the pizza prior to going in the oven .,cc/validation/7701_1993401887,imagenet170,pizza
waitress serving a slice of all dressed pizza,cc/validation/7701_1993401887,imagenet170,pizza
pizza out of the oven,cc/validation/7701_1993401887,imagenet170,pizza
sunday lunch from the pizza oven,cc/validation/7701_1993401887,imagenet170,pizza
a slice of pizza with different ingredients .,cc/validation/7701_1993401887,imagenet170,pizza
pizza served on a plate,cc/validation/7701_1993401887,imagenet170,pizza
a slice of pizza with different ingredients .,cc/validation/7701_1993401887,imagenet170,pizza
illustration of a pepperoni pizza -- stock vector #,cc/validation/7701_1993401887,imagenet170,pizza
"everyone i know is either in a serious relationship , engaged , or married and i 'm just over here casually shoveling pizza in my face and watching production company all night",cc/validation/7701_1993401887,imagenet170,pizza
what 's the average price of pizza in your city ?,cc/validation/7701_1993401887,imagenet170,pizza
a whole pepperoni pizza on a white background,cc/validation/7701_1993401887,imagenet170,pizza
pizza and ingredients in circle shape and a ribbon with place for your text .,cc/validation/7701_1993401887,imagenet170,pizza
the best pizza is covered with biological species .,cc/validation/7701_1993401887,imagenet170,pizza
via - authenticstyle pizza on the east side !,cc/validation/7701_1993401887,imagenet170,pizza
"a woman sits alone on a deserted beach in bad weather , looks at the sea and eats pizza",cc/validation/7701_1993401887,imagenet170,pizza
beer and pizza goes down well after a race,cc/validation/7701_1993401887,imagenet170,pizza
family eating pizza on the floor in their new house,cc/validation/7701_1993401887,imagenet170,pizza
close up shot of a black baking sheet with dough and a person who is putting on different kinds of ingredients for pizza,cc/validation/7701_1993401887,imagenet170,pizza
creative use of pepperoni pizza in the most unusual situation makes it even better .,cc/validation/7701_1993401887,imagenet170,pizza
the best pizza is covered with biological species .,cc/validation/7701_1993401887,imagenet170,pizza
a family of four eating a pizza together in a cafe,cc/validation/7701_1993401887,imagenet170,pizza
file photo of a pizza .,cc/validation/7701_1993401887,imagenet170,pizza
how to get your family to eat healthy ? serve them quinoa disguised as pizza .,cc/validation/7701_1993401887,imagenet170,pizza
"family , mom , dad and son eating pizza in the car",cc/validation/7701_1993401887,imagenet170,pizza
close up shot of a black baking sheet with dough and a person who is putting on different kinds of ingredients for pizza,cc/validation/7701_1993401887,imagenet170,pizza
i want to build my own person - burning pizza oven .,cc/validation/7701_1993401887,imagenet170,pizza
"tasty pizza with pepperoni with a slice removed , top view isolated on white background",cc/validation/7701_1993401887,imagenet170,pizza
"pizza is baked in the oven , cooking pizza .",cc/validation/7701_1993401887,imagenet170,pizza
a pizza topped with slices of tomatoes .,cc/validation/7701_1993401887,imagenet170,pizza
person of pizza holding an extra large pizza in oven,cc/validation/7701_1993401887,imagenet170,pizza
restaurant making the first pizza,cc/validation/7701_1993401887,imagenet170,pizza
chefs rotate pizza dough in the air,cc/validation/7701_1993401887,imagenet170,pizza
ingredients to prepare a home made pizza .,cc/validation/7701_1993401887,imagenet170,pizza
cheese on a freshly prepared pizza on wooden board,cc/validation/7701_1993401887,imagenet170,pizza
people walking and eating pizza in a bar on the street in the historical center,cc/validation/7701_1993401887,imagenet170,pizza
fireplace with pizza oven - love the concept of this solution .,cc/validation/7701_1993401887,imagenet170,pizza
ingredients to prepare a home made pizza .,cc/validation/7701_1993401887,imagenet170,pizza
placing baking tray with pizza topped with tomatoes and cheese to the oven,cc/validation/7701_1993401887,imagenet170,pizza
old man eating pizza on the table royalty free stock illustrations,cc/validation/7701_1993401887,imagenet170,pizza
abstract background of pizza and ribbon in a flat style vector art illustration,cc/validation/7701_1993401887,imagenet170,pizza
"person orders a pizza , waitress asks if it should be cut into pieces better make it 4 as i 'm not that hungry bad joke eel",cc/validation/7701_1993401887,imagenet170,pizza
hand taking slice of pizza from the table .,cc/validation/7701_1993401887,imagenet170,pizza
little girl with blue umbrella in the sea,cc/validation/8853_178360316,imagenet170,umbrella
broken umbrella after the rain lost by someone,cc/validation/8853_178360316,imagenet170,umbrella
a man jumping and dancing with an umbrella outside,cc/validation/8853_178360316,imagenet170,umbrella
family posing with an umbrella,cc/validation/8853_178360316,imagenet170,umbrella
umbrella with floral design used as a lamp shade inside a home living room,cc/validation/8853_178360316,imagenet170,umbrella
kelley anniversary photoshoot on rainy autumn fall day with umbrella,cc/validation/8853_178360316,imagenet170,umbrella
colorful owls with umbrella sitting on the branch and flying birds on a white background,cc/validation/8853_178360316,imagenet170,umbrella
beautiful girl in wet dress is dancing in the rain and sunlight holding umbrella .,cc/validation/8853_178360316,imagenet170,umbrella
a man holding an umbrella and wrapped in a blue blanket stands in the mountains,cc/validation/8853_178360316,imagenet170,umbrella
wet red umbrella after the rain,cc/validation/8853_178360316,imagenet170,umbrella
business woman holding an umbrella .,cc/validation/8853_178360316,imagenet170,umbrella
monarch sits under an umbrella in heavy rain at the unveiling of the memorial statue to her father,cc/validation/8853_178360316,imagenet170,umbrella
the picture red umbrella with snow inside on white background,cc/validation/8853_178360316,imagenet170,umbrella
couple stands under the colored umbrella on a wet street,cc/validation/8853_178360316,imagenet170,umbrella
young couple with umbrella in the rain,cc/validation/8853_178360316,imagenet170,umbrella
sculpture of person under umbrella with water falling from the top,cc/validation/8853_178360316,imagenet170,umbrella
young man with an umbrella,cc/validation/8853_178360316,imagenet170,umbrella
"woman with an umbrella , ca .",cc/validation/8853_178360316,imagenet170,umbrella
colorful owls with umbrella sitting on the branch and flying birds on a white background,cc/validation/8853_178360316,imagenet170,umbrella
a woman struggles to keep her umbrella under control,cc/validation/8853_178360316,imagenet170,umbrella
"little girl in a raincoat with umbrella standing , walking and running in the rain , cartoon style vector illustration isolated on white background .",cc/validation/8853_178360316,imagenet170,umbrella
person held an umbrella over his mother 's head as the family made their way along a path to the church .,cc/validation/8853_178360316,imagenet170,umbrella
water splash in the form of an umbrella .,cc/validation/8853_178360316,imagenet170,umbrella
young happy woman with an umbrella dancing in the rain,cc/validation/8853_178360316,imagenet170,umbrella
woman holding onto her umbrella which has blown inside out in a high wind,cc/validation/8853_178360316,imagenet170,umbrella
the opened red umbrella on rainy dark background,cc/validation/8853_178360316,imagenet170,umbrella
side view of a woman walking with umbrella against clouds on windy day,cc/validation/8853_178360316,imagenet170,umbrella
"cute little boy holding an umbrella , water drops coming out from blue sky .",cc/validation/8853_178360316,imagenet170,umbrella
girl with umbrella standing under the rain,cc/validation/8853_178360316,imagenet170,umbrella
little ladybugs with umbrella walking on the grass .,cc/validation/8853_178360316,imagenet170,umbrella
"business man holding umbrella alone on the sea , sailing with paper boat .",cc/validation/8853_178360316,imagenet170,umbrella
little girl playing in the snow with an umbrella,cc/validation/8853_178360316,imagenet170,umbrella
couple stands under the colored umbrella on a wet street,cc/validation/8853_178360316,imagenet170,umbrella
see your logo or message on this transparent umbrella .,cc/validation/8853_178360316,imagenet170,umbrella
woman with red umbrella contemplates on rain in front of a lake .,cc/validation/8853_178360316,imagenet170,umbrella
silhouette of young couple under an umbrella --,cc/validation/8853_178360316,imagenet170,umbrella
little girl with red umbrella playing in the rain,cc/validation/8853_178360316,imagenet170,umbrella
keeping dry : as a helpful assistant covered her with an umbrella as the winner carried latest book,cc/validation/8853_178360316,imagenet170,umbrella
person jumping with an umbrella and teddy bear at sunset .,cc/validation/8853_178360316,imagenet170,umbrella
beach chairs under an umbrella facing the water,cc/validation/8853_178360316,imagenet170,umbrella
pair of children staying under an umbrella,cc/validation/8853_178360316,imagenet170,umbrella
a woman takes cover under an umbrella after heavy rain in area of province .,cc/validation/8853_178360316,imagenet170,umbrella
woman walking with an umbrella against strong wind,cc/validation/8853_178360316,imagenet170,umbrella
boys sitting in an umbrella like it sa boat they re watching if the storm is coming,cc/validation/8853_178360316,imagenet170,umbrella
a woman struggles with an umbrella in strong winds as the sun sets by the seaside,cc/validation/8853_178360316,imagenet170,umbrella
young girl stand with raincoat and umbrella on mountain in the rainy season silhouette,cc/validation/8853_178360316,imagenet170,umbrella
attractive blonde girl wearing a red coat and holding an umbrella .,cc/validation/8853_178360316,imagenet170,umbrella
a woman stands with an umbrella during snowfall .,cc/validation/8853_178360316,imagenet170,umbrella
man and woman kissing under an umbrella .,cc/validation/8853_178360316,imagenet170,umbrella
a man holding an umbrella and wrapped in a blue blanket stands in the mountains,cc/validation/8853_178360316,imagenet170,umbrella
illustration of a man holding umbrella for a girl in the rain .,cc/validation/8853_178360316,imagenet170,umbrella
businessman flirt with a woman under an umbrella,cc/validation/8853_178360316,imagenet170,umbrella
a woman carries an umbrella with the spanish flag colors as they,cc/validation/8853_178360316,imagenet170,umbrella
"little girl in a raincoat with umbrella standing , walking and running in the rain , cartoon style vector illustration isolated on white background .",cc/validation/8853_178360316,imagenet170,umbrella
happy go lucky man with an umbrella : vector art,cc/validation/8853_178360316,imagenet170,umbrella
man with umbrella in the rain,cc/validation/8853_178360316,imagenet170,umbrella
people with umbrella walking in the rain through the old town,cc/validation/8853_178360316,imagenet170,umbrella
a man jumping and dancing with an umbrella outside,cc/validation/8853_178360316,imagenet170,umbrella
this is an illustration of a red umbrella blocking rainfall against a dark background,cc/validation/8853_178360316,imagenet170,umbrella
"young beautiful woman flying with wind holding red umbrella from a poppy field , summer outdoor .",cc/validation/8853_178360316,imagenet170,umbrella
beautiful umbrella and rubber boots with tulips .,cc/validation/8853_178360316,imagenet170,umbrella
umbrella used as a planter in the flower garden,cc/validation/8853_178360316,imagenet170,umbrella
red umbrella burns with a bright flame on the background of the sea and the sandy beach,cc/validation/8853_178360316,imagenet170,umbrella
beautiful girl in wet dress is dancing in the rain and sunlight holding umbrella .,cc/validation/8853_178360316,imagenet170,umbrella
thursday 's weather : a man 's umbrella is blown inside out as he take a photo with his mobile phone amid torrential rain,cc/validation/8853_178360316,imagenet170,umbrella
funny toddler with umbrella playing in the rain,cc/validation/8853_178360316,imagenet170,umbrella
cartoon of a man walking in the rain with an umbrella .,cc/validation/8853_178360316,imagenet170,umbrella
umbrella used as a planter in the flower garden,cc/validation/8853_178360316,imagenet170,umbrella
an open red umbrella with a shadow,cc/validation/8853_178360316,imagenet170,umbrella
cartoon girl with umbrella standing under the raindrops,cc/validation/8853_178360316,imagenet170,umbrella
a woman takes cover under an umbrella after heavy rain in area of province .,cc/validation/8853_178360316,imagenet170,umbrella
woman under red umbrella looking at watch against green screen .,cc/validation/8853_178360316,imagenet170,umbrella
illustration of a woman reading under an umbrella by the sea,cc/validation/8853_178360316,imagenet170,umbrella
"after the service , the queen emerged carrying a giant umbrella , which she then handed to noble people",cc/validation/8853_178360316,imagenet170,umbrella
the girl under an umbrella catches rain drops .,cc/validation/8853_178360316,imagenet170,umbrella
wet red umbrella after the rain,cc/validation/8853_178360316,imagenet170,umbrella
a cocktail with a straw and an umbrella,cc/validation/8853_178360316,imagenet170,umbrella
"outfit : next up , she picked award winner for wedding dress for the ceremony , which was feathered and had a miles - long train paired with an umbrella",cc/validation/8853_178360316,imagenet170,umbrella
u is tree is called that because it looks like an umbrella .,cc/validation/8853_178360316,imagenet170,umbrella
women sit under big umbrella by the beach,cc/validation/8853_178360316,imagenet170,umbrella
cute couple hugging under the umbrella,cc/validation/8853_178360316,imagenet170,umbrella
cute bunny with umbrella in the rain .,cc/validation/8853_178360316,imagenet170,umbrella
kelley anniversary photoshoot on rainy autumn fall day with umbrella,cc/validation/8853_178360316,imagenet170,umbrella
little kid looking at camera while holding umbrella on the chalkboard with drawings of a rain,cc/validation/8853_178360316,imagenet170,umbrella
4k smiling young romantic couple with red umbrella spending time on the beach,cc/validation/8853_178360316,imagenet170,umbrella
a woman struggles in the wind with a broken umbrella in the centre,cc/validation/8853_178360316,imagenet170,umbrella
smiling sun with an umbrella and cloud .,cc/validation/8853_178360316,imagenet170,umbrella
hedgehog with a bag and under an umbrella .,cc/validation/8853_178360316,imagenet170,umbrella
chair under an umbrella at the beach on a sunny day - 3d render,cc/validation/8853_178360316,imagenet170,umbrella
sheltering under an umbrella as the rain falls,cc/validation/8853_178360316,imagenet170,umbrella
cute little girl with umbrella playing in the rain royalty - free,cc/validation/8853_178360316,imagenet170,umbrella
cute cartoon bear with umbrella under the rain,cc/validation/8853_178360316,imagenet170,umbrella
wet weather : person was sheltered underneath an umbrella as it poured down with rain,cc/validation/8853_178360316,imagenet170,umbrella
a pedestrian carries an umbrella as she walks down filming location .,cc/validation/8853_178360316,imagenet170,umbrella
umbrella under the cherry tree in spring,cc/validation/8853_178360316,imagenet170,umbrella
person and the girl under an umbrella,cc/validation/8853_178360316,imagenet170,umbrella
a woman in a restaurant is studying the menu under an umbrella,cc/validation/8853_178360316,imagenet170,umbrella
young beautiful woman walking with an umbrella on a rainy day,cc/validation/8853_178360316,imagenet170,umbrella
tour guide with umbrella for shade,cc/validation/8853_178360316,imagenet170,umbrella
martini glass with cocktail with lime and umbrella on a white background vector,cc/validation/8853_178360316,imagenet170,umbrella
a single red umbrella sits on the beach surrounded by toys as the sun sets,cc/validation/8853_178360316,imagenet170,umbrella
a person holding an umbrella under heavy rain .,cc/validation/8853_178360316,imagenet170,umbrella
an image of a lion using umbrella .,cc/validation/8853_178360316,imagenet170,umbrella
girl with yellow umbrella on the pier,cc/validation/8853_178360316,imagenet170,umbrella
thank you stamp pink umbrella !,cc/validation/8853_178360316,imagenet170,umbrella
keeping safe : person was seen holding a large umbrella to shield herself from the sun 's harmful rays,cc/validation/8853_178360316,imagenet170,umbrella
a little girl takes shelter from rain standing with her umbrella outside a closed shop,cc/validation/8853_178360316,imagenet170,umbrella
shelter : person hides under an umbrella,cc/validation/8853_178360316,imagenet170,umbrella
"with umbrella in hand , a man walks his bicycle in the rain .",cc/validation/8853_178360316,imagenet170,umbrella
woman with umbrella in the rain,cc/validation/8853_178360316,imagenet170,umbrella
politicians watering a plant while their aids hold umbrella 's because of the heavy rain,cc/validation/8853_178360316,imagenet170,umbrella
lovers under an umbrella on a bridge over river .,cc/validation/8853_178360316,imagenet170,umbrella
beautiful girl in the rain with transparent umbrella,cc/validation/8853_178360316,imagenet170,umbrella
a woman looks out of a window while drinking coffee and then a man holding an umbrella walks past,cc/validation/8853_178360316,imagenet170,umbrella
male performer holding umbrella during the rain .,cc/validation/8853_178360316,imagenet170,umbrella
woman with umbrella on the street,cc/validation/8853_178360316,imagenet170,umbrella
vector illustration of a couple under umbrella on hearts shapes rainy background for holiday and other occasions .,cc/validation/8853_178360316,imagenet170,umbrella
red umbrella over many dark ones .,cc/validation/8853_178360316,imagenet170,umbrella
actor walking along in the rain sheltering under an umbrella,cc/validation/8853_178360316,imagenet170,umbrella
loving couple under an umbrella,cc/validation/8853_178360316,imagenet170,umbrella
woman with red umbrella contemplates on rain in front of a lake .,cc/validation/8853_178360316,imagenet170,umbrella
portrait of confident businessman waiting a rain under the umbrella,cc/validation/8853_178360316,imagenet170,umbrella
illustration of a beach with an umbrella and toys on a white background vector,cc/validation/8853_178360316,imagenet170,umbrella
cute little sisters standing in a puddle holding umbrella on a rainy summer day,cc/validation/8853_178360316,imagenet170,umbrella
silhouette of fashionable girl walking down the street with an umbrella in his hand .,cc/validation/8853_178360316,imagenet170,umbrella
a young woman walks in the rain with umbrella walking along river,cc/validation/8853_178360316,imagenet170,umbrella
girl holding red umbrella and drinking orange juice in the park,cc/validation/8853_178360316,imagenet170,umbrella
person jumping with an umbrella and teddy bear at sunset .,cc/validation/8853_178360316,imagenet170,umbrella
cute man takes care of pet with umbrella under the heavy rain on the blue background .,cc/validation/8853_178360316,imagenet170,umbrella
businessman holding an umbrella in office space,cc/validation/8853_178360316,imagenet170,umbrella
young woman stands at the bus stop with an umbrella and waiting for the bus,cc/validation/8853_178360316,imagenet170,umbrella
laid back : a spectator has an impromptu sleep in between sets next to his umbrella at festival,cc/validation/8853_178360316,imagenet170,umbrella
the sculpture of couple with umbrella,cc/validation/8853_178360316,imagenet170,umbrella
"business man standing with umbrella , shielding from lighting and rain coming from a small cloud on the sky",cc/validation/8853_178360316,imagenet170,umbrella
rear view of a person with umbrella walking outdoors,cc/validation/8853_178360316,imagenet170,umbrella
motorcyclist sitting with an umbrella,cc/validation/8853_178360316,imagenet170,umbrella
businessman holding umbrella protecting from the rain .,cc/validation/8853_178360316,imagenet170,umbrella
beautiful girl in wet dress is dancing in the rain and sunlight holding umbrella .,cc/validation/8853_178360316,imagenet170,umbrella
vector illustration of a couple under umbrella on hearts shapes rainy background for holiday and other occasions .,cc/validation/8853_178360316,imagenet170,umbrella
cute little girl with umbrella in the rain,cc/validation/8853_178360316,imagenet170,umbrella
set of black folded umbrella isolated over the white background,cc/validation/8853_178360316,imagenet170,umbrella
having some trouble ? this woman appeared to be struggling with her umbrella as she made her way into the the racecourse,cc/validation/8853_178360316,imagenet170,umbrella
woman holding an umbrella in the wind,cc/validation/8853_178360316,imagenet170,umbrella
couple with umbrella under the rain,cc/validation/8853_178360316,imagenet170,umbrella
young beautiful woman dancing around with an umbrella in the city while listening to music,cc/validation/8853_178360316,imagenet170,umbrella
"photo of happy children lying and playing in the studio with their father under umbrella , isolated on white",cc/validation/8853_178360316,imagenet170,umbrella
side view of a couple encounter in the street under an umbrella in a rainy day,cc/validation/8853_178360316,imagenet170,umbrella
keeping dry : person looked anything but a diva as carried her own umbrella to shield herself from the rain,cc/validation/8853_178360316,imagenet170,umbrella
man with red umbrella walking in the rain on beach .,cc/validation/8853_178360316,imagenet170,umbrella
open umbrella drying on the balcony in black and white colors,cc/validation/8853_178360316,imagenet170,umbrella
a man with an umbrella on his arm getting into a 1950s,cc/validation/8853_178360316,imagenet170,umbrella
couple with umbrella enjoying the rain,cc/validation/8853_178360316,imagenet170,umbrella
"a couple holds hands and an umbrella as they walk through the park towards the camera , in slow motion",cc/validation/8853_178360316,imagenet170,umbrella
"umbrella , craft against the sunlight",cc/validation/8853_178360316,imagenet170,umbrella
hand of man holding an umbrella,cc/validation/8853_178360316,imagenet170,umbrella
a woman sits under an umbrella by the sea in the rain,cc/validation/8853_178360316,imagenet170,umbrella
a young girl sheltering under umbrella outdoors,cc/validation/8853_178360316,imagenet170,umbrella
this umbrella has been made by hand .,cc/validation/8853_178360316,imagenet170,umbrella
bears and little bird under the umbrella,cc/validation/8853_178360316,imagenet170,umbrella
just a frog using a leaf as an umbrella .,cc/validation/8853_178360316,imagenet170,umbrella
a glass of coffee and an umbrella on a wooden table by a lake in the afternoon,cc/validation/8853_178360316,imagenet170,umbrella
funny toddler with umbrella playing in the rain,cc/validation/8853_178360316,imagenet170,umbrella
couple in love under the umbrella,cc/validation/8853_178360316,imagenet170,umbrella
happy girl eating an apple and holding umbrella in the park,cc/validation/8853_178360316,imagenet170,umbrella
pair of children staying under an umbrella,cc/validation/8853_178360316,imagenet170,umbrella
a successful businessman standing with umbrella for his protection against sun and rain .,cc/validation/8853_178360316,imagenet170,umbrella
drops of rain dripping onto the hand of a young woman under an umbrella,cc/validation/8853_178360316,imagenet170,umbrella
family posing with an umbrella,cc/validation/8853_178360316,imagenet170,umbrella
hot girl on a beach under umbrella .,cc/validation/8853_178360316,imagenet170,umbrella
illustration of a beach chair and an umbrella with a signage on a white background,cc/validation/8853_178360316,imagenet170,umbrella
walking lonely tiger in the zoo,cc/validation/9840_2906730324,imagenet170,tiger
a huge male tiger walking in the jungles,cc/validation/9840_2906730324,imagenet170,tiger
deity made the cat to give person the pleasure of caressing the tiger . statesman,cc/validation/9840_2906730324,imagenet170,tiger
the vector image of a tiger on a black background,cc/validation/9840_2906730324,imagenet170,tiger
a tiger snaps a battery of a drone taken down at a wildlife park send smoke billowing into the air,cc/validation/9840_2906730324,imagenet170,tiger
"illustration of a monkey , a lion and a tiger inside the wooden fence",cc/validation/9840_2906730324,imagenet170,tiger
the tiger in the jungle,cc/validation/9840_2906730324,imagenet170,tiger
the drone was knocked out of the sky by a tiger when flying at the altitude of meters above the ground,cc/validation/9840_2906730324,imagenet170,tiger
white tiger resting under a big tree,cc/validation/9840_2906730324,imagenet170,tiger
framed and signed photographic print of a white tiger,cc/validation/9840_2906730324,imagenet170,tiger
a male white tiger playing with a large red ball,cc/validation/9840_2906730324,imagenet170,tiger
tiger on the water in a summer day,cc/validation/9840_2906730324,imagenet170,tiger
take a look at this baby white tiger throw pillow today !,cc/validation/9840_2906730324,imagenet170,tiger
oil painting of a tiger,cc/validation/9840_2906730324,imagenet170,tiger
walking tiger in the jungle with green leaves .,cc/validation/9840_2906730324,imagenet170,tiger
"biological subspecies , a recently identified subspecies of tiger , found",cc/validation/9840_2906730324,imagenet170,tiger
"i go the eye of the tiger , and your gon na hear me roar !",cc/validation/9840_2906730324,imagenet170,tiger
a tiger laying down in the sun with a dark cave behind him,cc/validation/9840_2906730324,imagenet170,tiger
acrylic painting of a tiger .,cc/validation/9840_2906730324,imagenet170,tiger
child with face painted like a tiger,cc/validation/9840_2906730324,imagenet170,tiger
a tiger smelling the scent of a tree,cc/validation/9840_2906730324,imagenet170,tiger
fast motion of the jumping bengal tiger,cc/validation/9840_2906730324,imagenet170,tiger
3d digital render of a roaring tiger isolated on white background,cc/validation/9840_2906730324,imagenet170,tiger
deity sitting on the tiger .,cc/validation/9840_2906730324,imagenet170,tiger
person the tiger in her hide,cc/validation/9840_2906730324,imagenet170,tiger
playful tiger laying on the sand .,cc/validation/9840_2906730324,imagenet170,tiger
person with his face painted like a tiger,cc/validation/9840_2906730324,imagenet170,tiger
beautiful white tiger lying on a flat rock in the jungle,cc/validation/9840_2906730324,imagenet170,tiger
a tiger eating meat in a zoo,cc/validation/9840_2906730324,imagenet170,tiger
portrait of the tiger at the zoo,cc/validation/9840_2906730324,imagenet170,tiger
image of an animal beautiful young tiger,cc/validation/9840_2906730324,imagenet170,tiger
a tiger eating meat in a zoo,cc/validation/9840_2906730324,imagenet170,tiger
attack : a screenshot from television show the white tiger standing over the man after he jumped into its enclosure,cc/validation/9840_2906730324,imagenet170,tiger
a cartoon illustration of a saber - toothed tiger cub peeking over an object,cc/validation/9840_2906730324,imagenet170,tiger
beautiful tiger lying down and looking into the distance,cc/validation/9840_2906730324,imagenet170,tiger
male tiger is playing gently with his cub on the grass,cc/validation/9840_2906730324,imagenet170,tiger
"the tiger 's face has been twisted and misshapen by the work conducted on it , with material left sticking from its nose",cc/validation/9840_2906730324,imagenet170,tiger
and here 's him with a tiger,cc/validation/9840_2906730324,imagenet170,tiger
tourists on an elephant watching bengal tiger in a waterhole,cc/validation/9840_2906730324,imagenet170,tiger
illustration of a young tiger and a bee beside an empty space on a white background,cc/validation/9840_2906730324,imagenet170,tiger
white tiger is resting on the rock,cc/validation/9840_2906730324,imagenet170,tiger
tiger cub stalks through the jungle and makes eye contact with the camera,cc/validation/9840_2906730324,imagenet170,tiger
a white tiger showing the underside of it s paw,cc/validation/9840_2906730324,imagenet170,tiger
tiger cub in front of a white background,cc/validation/9840_2906730324,imagenet170,tiger
can you imagine a tiger out of watermelon ... cool for a tailgate,cc/validation/9840_2906730324,imagenet170,tiger
person is a new tiger cub at the zoo .,cc/validation/9840_2906730324,imagenet170,tiger
"a tiger lost her cubs and became depressed , so the workers at the zoo dressed piglets up to replace the babies she lost .",cc/validation/9840_2906730324,imagenet170,tiger
white tiger basking in the sun,cc/validation/9840_2906730324,imagenet170,tiger
a tiger eating meat in a zoo,cc/validation/9840_2906730324,imagenet170,tiger
profile of white tiger on a black background .,cc/validation/9840_2906730324,imagenet170,tiger
a captive tiger in a zoo in black and white,cc/validation/9840_2906730324,imagenet170,tiger
a cartoon illustration of a tiger looking angry .,cc/validation/9840_2906730324,imagenet170,tiger
framed and signed photographic print of a white tiger,cc/validation/9840_2906730324,imagenet170,tiger
a beautiful tiger in the zoo,cc/validation/9840_2906730324,imagenet170,tiger
"animal , portrait of a bengal tiger .",cc/validation/9840_2906730324,imagenet170,tiger
tiger cub having a drink at a water hole,cc/validation/9840_2906730324,imagenet170,tiger
soft toys in the form of tiger on a white background .,cc/validation/9840_2906730324,imagenet170,tiger
tiger on the water in a summer day,cc/validation/9840_2906730324,imagenet170,tiger
"large plastic replica of a tiger in a pickup truck , probably being transported to an amusement park or outdoor display",cc/validation/9840_2906730324,imagenet170,tiger
this tiger broke an infrared beam and was photographed drinking from a water hole .,cc/validation/9840_2906730324,imagenet170,tiger
profile of white tiger on a black background .,cc/validation/9840_2906730324,imagenet170,tiger
a tiger in the zoo,cc/validation/9840_2906730324,imagenet170,tiger
an ink drawing of a tiger 's face .,cc/validation/9840_2906730324,imagenet170,tiger
spotted on the - a white tiger napping under bamboo,cc/validation/9840_2906730324,imagenet170,tiger
monk with a bengal tiger,cc/validation/9840_2906730324,imagenet170,tiger
close shot of a male tiger,cc/validation/9840_2906730324,imagenet170,tiger
"tiger relaxing under the tree and water reflection , select focus with shallow depth of field .",cc/validation/9840_2906730324,imagenet170,tiger
soft toys in the form of tiger on a white background .,cc/validation/9840_2906730324,imagenet170,tiger
monk with a bengal tiger,cc/validation/9840_2906730324,imagenet170,tiger
vector illustration of a tiger .,cc/validation/9840_2906730324,imagenet170,tiger
a woman found a tiger cub on the street .,cc/validation/9840_2906730324,imagenet170,tiger
a huge male tiger walking in the jungles,cc/validation/9840_2906730324,imagenet170,tiger
tiger cub playing in the grass,cc/validation/9840_2906730324,imagenet170,tiger
this cute tiger cub is bound to be a roaring success with the little ones,cc/validation/9840_2906730324,imagenet170,tiger
file - a bengal tiger walks along a road in the jungles .,cc/validation/9840_2906730324,imagenet170,tiger
photo : a tiger in water,cc/validation/9840_2906730324,imagenet170,tiger
this a beautiful picture of a white tiger,cc/validation/9840_2906730324,imagenet170,tiger
event this is a light up tiger,cc/validation/9840_2906730324,imagenet170,tiger
"white tiger on a blue background , vector illustration in the style of the polygon",cc/validation/9840_2906730324,imagenet170,tiger
3d illustration of a fighting with a tiger,cc/validation/9840_2906730324,imagenet170,tiger
tiger in a cage : tigers about the house cute but sending wrong message,cc/validation/9840_2906730324,imagenet170,tiger
3d illustration of a fighting with a tiger,cc/validation/9840_2906730324,imagenet170,tiger
up close photo of a roaring tiger in the wild royalty - free,cc/validation/9840_2906730324,imagenet170,tiger
bengal tiger descending a ladder - on a platform for climbing on elephants in the park,cc/validation/9840_2906730324,imagenet170,tiger
"large plastic replica of a tiger in a pickup truck , probably being transported to an amusement park or outdoor display",cc/validation/9840_2906730324,imagenet170,tiger
feeding a tiger out of the bottle,cc/validation/9840_2906730324,imagenet170,tiger
portrait of the tiger in zoo,cc/validation/9840_2906730324,imagenet170,tiger
the drone was knocked out of the sky by a tiger when flying at the altitude of meters above the ground,cc/validation/9840_2906730324,imagenet170,tiger
"the tiger can roar almost as strong as a lion , and just like lions , it roars mainly to keep other tigers of its territory .",cc/validation/9840_2906730324,imagenet170,tiger
the symbol of the new year - tiger jumps in cosmos date .,cc/validation/9840_2906730324,imagenet170,tiger
bengal tiger near the water -- stock photo #,cc/validation/9840_2906730324,imagenet170,tiger
"animal , portrait of a bengal tiger .",cc/validation/9840_2906730324,imagenet170,tiger
male tiger photographed near a village .,cc/validation/9840_2906730324,imagenet170,tiger
portrait of a tiger in bushes,cc/validation/9840_2906730324,imagenet170,tiger
"film character , the bengal tiger - superbly voiced by person , managing to be suave , funny and ultimately terrifying",cc/validation/9840_2906730324,imagenet170,tiger
yawning tiger cub now this is the turn of this cub to yawn ... photo sharing website,cc/validation/9840_2906730324,imagenet170,tiger
a view of a white tiger wandering around the forest for food,cc/validation/9840_2906730324,imagenet170,tiger
a white tiger lying down,cc/validation/9840_2906730324,imagenet170,tiger
a male white tiger playing with a large red ball,cc/validation/9840_2906730324,imagenet170,tiger
this photo is of a captive tiger .,cc/validation/9840_2906730324,imagenet170,tiger
monk with a bengal tiger,cc/validation/9840_2906730324,imagenet170,tiger
vector illustration of a tiger in dry grass with tiger and grass as separate elements,cc/validation/9840_2906730324,imagenet170,tiger
vector illustration of a tiger in dry grass with tiger and grass as separate elements,cc/validation/9840_2906730324,imagenet170,tiger
interest in eyes of a young white bengal tiger,cc/validation/9840_2906730324,imagenet170,tiger
yawning tiger cub now this is the turn of this cub to yawn ... photo sharing website,cc/validation/9840_2906730324,imagenet170,tiger
a male white tiger playing with a large red ball,cc/validation/9840_2906730324,imagenet170,tiger
young boy with face painted like a tiger,cc/validation/9840_2906730324,imagenet170,tiger
tiger in the snow ;),cc/validation/9840_2906730324,imagenet170,tiger
isolated head of roaring tiger with grin in style the mascots for sports teams .,cc/validation/9840_2906730324,imagenet170,tiger
monk with a bengal tiger,cc/validation/9840_2906730324,imagenet170,tiger
the white tiger or bleached tiger with a beautiful pattern .,cc/validation/9840_2906730324,imagenet170,tiger
growling tiger on the prowl royalty - free stock video,cc/validation/9840_2906730324,imagenet170,tiger
inherited traits the tiger 's fur keeps it warm during the winter so it can go hunting .,cc/validation/9840_2906730324,imagenet170,tiger
a tiger is seen at a zoo .,cc/validation/9840_2906730324,imagenet170,tiger
"tiger shark swimming peacefully past a group of scuba divers in shallow , clear water .",cc/validation/9840_2906730324,imagenet170,tiger
the good - natured tiger lying on the snow,cc/validation/9840_2906730324,imagenet170,tiger
a tiger in the wild .,cc/validation/9840_2906730324,imagenet170,tiger
up close photo of a roaring tiger in the wild royalty - free,cc/validation/9840_2906730324,imagenet170,tiger
a tiger glares into the lens as inches close to get his shot,cc/validation/9840_2906730324,imagenet170,tiger
vector illustration - the face of a tiger .,cc/validation/9840_2906730324,imagenet170,tiger
portrait of a beautiful tiger with flames over black background,cc/validation/9840_2906730324,imagenet170,tiger
a tiger stalking through grass and brush .,cc/validation/9840_2906730324,imagenet170,tiger
tiger cub having a drink at a water hole,cc/validation/9840_2906730324,imagenet170,tiger
tiger cub in front of a white background,cc/validation/9840_2906730324,imagenet170,tiger
a tourist playing with a tiger .,cc/validation/9840_2906730324,imagenet170,tiger
landscape with tiger and vulture on a tree .,cc/validation/9840_2906730324,imagenet170,tiger
beautiful white tiger lying on a flat rock in the jungle,cc/validation/9840_2906730324,imagenet170,tiger
facts about tiger the roar of a bengal tiger can carry for over 2km at night ...,cc/validation/9840_2906730324,imagenet170,tiger
tiger playing with a ball in water,cc/validation/9840_2906730324,imagenet170,tiger
"illustration of a lion , tiger and the butterflies in the garden",cc/validation/9840_2906730324,imagenet170,tiger
"animal , portrait of a bengal tiger .",cc/validation/9840_2906730324,imagenet170,tiger
composition of tropical leaf beautiful flower lily wild animals leopard and tiger .,cc/validation/9840_2906730324,imagenet170,tiger
shot of a tiger walking around,cc/validation/9840_2906730324,imagenet170,tiger
a stuffed tiger in a display case,cc/validation/9840_2906730324,imagenet170,tiger
a male white tiger playing with a large red ball,cc/validation/9840_2906730324,imagenet170,tiger
a tiger in shallow water,cc/validation/9840_2906730324,imagenet170,tiger
person the tiger at swimming in the water .,cc/validation/9840_2906730324,imagenet170,tiger
person reaching out to a tiger shark,cc/validation/9840_2906730324,imagenet170,tiger
portrait of a tiger made in trendy flat style vector .,cc/validation/9840_2906730324,imagenet170,tiger
illustration of a tiger beside a signboard,cc/validation/9840_2906730324,imagenet170,tiger
researchers tag a captured tiger shark for study .,cc/validation/9840_2906730324,imagenet170,tiger
a tiger sitting by a waterfall,cc/validation/9840_2906730324,imagenet170,tiger
the only tiger you 'll see,cc/validation/9840_2906730324,imagenet170,tiger
"a close up picture of a tiger yawning , showing teeth and tongue",cc/validation/9840_2906730324,imagenet170,tiger
a white tiger in captivity at a zoo .,cc/validation/9840_2906730324,imagenet170,tiger
teeth white tiger in the cage,cc/validation/9840_2906730324,imagenet170,tiger
"animal , portrait of a bengal tiger .",cc/validation/9840_2906730324,imagenet170,tiger
portrait of an angry tiger bared,cc/validation/9840_2906730324,imagenet170,tiger
"person and tiger , temple in province .",cc/validation/9840_2906730324,imagenet170,tiger
a huge male tiger walking in the jungles,cc/validation/9840_2906730324,imagenet170,tiger
a tiger in shallow water,cc/validation/9840_2906730324,imagenet170,tiger
male tiger smelling scent of a female,cc/validation/9840_2906730324,imagenet170,tiger
tiger playing with a ball in water,cc/validation/9840_2906730324,imagenet170,tiger
illustration of a tiger in a beautiful nature,cc/validation/9840_2906730324,imagenet170,tiger
female tiger in the afternoon,cc/validation/9840_2906730324,imagenet170,tiger
a tiger jumps through hoops during a performance,cc/validation/9840_2906730324,imagenet170,tiger
a tiger during feeding time,cc/validation/9840_2906730324,imagenet170,tiger
white tiger is resting on the rock,cc/validation/9840_2906730324,imagenet170,tiger
a poster showing a white tiger,cc/validation/9840_2906730324,imagenet170,tiger
portrait of a tiger in bushes,cc/validation/9840_2906730324,imagenet170,tiger
bengal tiger near the water -- stock photo #,cc/validation/9840_2906730324,imagenet170,tiger
"pop artist showed off her unique style with this electric blue bomber that featured tiger - print embroidery , paired with a stylish blue skirt .",cc/validation/9840_2906730324,imagenet170,tiger
a white tiger lying down,cc/validation/9840_2906730324,imagenet170,tiger
i feel like a tiger,cc/validation/9840_2906730324,imagenet170,tiger
approaching tiger on a forest path,cc/validation/9840_2906730324,imagenet170,tiger
"the tiger enjoys a cool down with some water , as the heatwave continues",cc/validation/9840_2906730324,imagenet170,tiger
a tiger sits is seen,cc/validation/9840_2906730324,imagenet170,tiger
shot of a tiger walking around,cc/validation/9840_2906730324,imagenet170,tiger
beautiful tiger lying down and looking into the distance,cc/validation/9840_2906730324,imagenet170,tiger
a tiger during feeding time,cc/validation/9840_2906730324,imagenet170,tiger
chocolate birthday cake surrounded by confetti with lit candle for a ninetieth birthday or anniversary celebration,cc/validation/13819_2141437796,imagenet170,candle
a family is lighting a candle for the holiday of jewish holiday,cc/validation/13819_2141437796,imagenet170,candle
"seasonal arrangement on a window sill in cozy candle light , decorated with snow , ornaments",cc/validation/13819_2141437796,imagenet170,candle
soak cork in alcohol for a week then use as a candle .,cc/validation/13819_2141437796,imagenet170,candle
a close view of a candle 's flame comes into focus in a dark room,cc/validation/13819_2141437796,imagenet170,candle
single christmas candle burning in the dark on a black background,cc/validation/13819_2141437796,imagenet170,candle
close - up of a gilt antique wall mirror with integral candle holders,cc/validation/13819_2141437796,imagenet170,candle
a single candle slowly flickers on a real wall background,cc/validation/13819_2141437796,imagenet170,candle
"candles covered with satin ribbon are lit at night against the starry sky , at the base of the candle with fir branches and pine cones",cc/validation/13819_2141437796,imagenet170,candle
candle and bouquet of artificial flowers on a table in a restaurant,cc/validation/13819_2141437796,imagenet170,candle
it only takes a small candle to dispel darkness .,cc/validation/13819_2141437796,imagenet170,candle
lighted candle with the melted wax falling down in a chandelier isolated in black,cc/validation/13819_2141437796,imagenet170,candle
person with candle in the dark,cc/validation/13819_2141437796,imagenet170,candle
glass of champagne and wine on a table with candle during a wedding party,cc/validation/13819_2141437796,imagenet170,candle
poetry book and candle on an old wooden burnt table .,cc/validation/13819_2141437796,imagenet170,candle
this hand made metal candle holder sits at an impressive feet tall .,cc/validation/13819_2141437796,imagenet170,candle
on saturday girls had registration by candle light in order to celebrate event !,cc/validation/13819_2141437796,imagenet170,candle
all the darkness in the world can not extinguish the light of a single candle,cc/validation/13819_2141437796,imagenet170,candle
an image of a birthday cake with candle,cc/validation/13819_2141437796,imagenet170,candle
protective hands around a burning candle,cc/validation/13819_2141437796,imagenet170,candle
person painted on a candle .,cc/validation/13819_2141437796,imagenet170,candle
candle burning in the darkness,cc/validation/13819_2141437796,imagenet170,candle
our copper and marble candle just add that shimmer to any table setting to add a little luxury .,cc/validation/13819_2141437796,imagenet170,candle
close up shot of a candle whose flame is flickering and dancing then suddenly blown out and shot goes into darkness .,cc/validation/13819_2141437796,imagenet170,candle
bank of red votive candles with hand reaching from right to light a candle,cc/validation/13819_2141437796,imagenet170,candle
this regenerative candle creates a new candle as it melts : pics,cc/validation/13819_2141437796,imagenet170,candle
abstract seamless black and white inverted pattern with candle - like figures .,cc/validation/13819_2141437796,imagenet170,candle
beautiful naughty girl teenager in a hat secretly blows out a candle on a festive cake and happily hides on a white background stock footage video,cc/validation/13819_2141437796,imagenet170,candle
burning candle on a transparent background,cc/validation/13819_2141437796,imagenet170,candle
"isolated icon of a candle , spa",cc/validation/13819_2141437796,imagenet170,candle
small white candle burning in the darkness close up .,cc/validation/13819_2141437796,imagenet170,candle
a candle burning at both ends,cc/validation/13819_2141437796,imagenet170,candle
"close - up of a sushi in a square plate , in the background a blurred candle .",cc/validation/13819_2141437796,imagenet170,candle
this hand made metal candle holder sits at an impressive feet tall .,cc/validation/13819_2141437796,imagenet170,candle
burning candle on a black background .,cc/validation/13819_2141437796,imagenet170,candle
young lady contemplates the events whilst lighting a candle at a large gathering,cc/validation/13819_2141437796,imagenet170,candle
in the frame there is a line of carved pumpkins with candle lit decorated by candlesticks and sweets and after a while there appears a smoke and little witches start to do magic,cc/validation/13819_2141437796,imagenet170,candle
"part , this candle is a completely original scent !",cc/validation/13819_2141437796,imagenet170,candle
big and tall red candle stands in a dark room and lit,cc/validation/13819_2141437796,imagenet170,candle
bride - shaped candle for the bridal shower,cc/validation/13819_2141437796,imagenet170,candle
the candle burns before pumpkin and maple leaves on dark background,cc/validation/13819_2141437796,imagenet170,candle
hand holding a lit candle in the dark,cc/validation/13819_2141437796,imagenet170,candle
"candle in a light bulb , artwork",cc/validation/13819_2141437796,imagenet170,candle
rustic dinner under the candle light,cc/validation/13819_2141437796,imagenet170,candle
hand - drawn golden arabic lantern with a candle .,cc/validation/13819_2141437796,imagenet170,candle
picture of turn into a candle !,cc/validation/13819_2141437796,imagenet170,candle
smoke rising from a candle after being snuffed out,cc/validation/13819_2141437796,imagenet170,candle
our copper and marble candle just add that shimmer to any table setting to add a little luxury .,cc/validation/13819_2141437796,imagenet170,candle
candle burning in the dark,cc/validation/13819_2141437796,imagenet170,candle
birthday cake with burning candle as a number five,cc/validation/13819_2141437796,imagenet170,candle
blowing out of a black candle .,cc/validation/13819_2141437796,imagenet170,candle
hand drawn burning candle isolated on white background .,cc/validation/13819_2141437796,imagenet170,candle
burning candle and old watch on a wooden table .,cc/validation/13819_2141437796,imagenet170,candle
people embrace during a candle lit vigil for the victims of the disaster .,cc/validation/13819_2141437796,imagenet170,candle
"video of colorful christmas decorations of film character with a candle inside , on extreme shallow depth of field and creamy colorful background",cc/validation/13819_2141437796,imagenet170,candle
valentine 's day candle in the dark,cc/validation/13819_2141437796,imagenet170,candle
cross on the background of a burning candle in the church,cc/validation/13819_2141437796,imagenet170,candle
tombstone praying statue with a candle in the dark,cc/validation/13819_2141437796,imagenet170,candle
burning the candle at both ends,cc/validation/13819_2141437796,imagenet170,candle
panning shot of candle in the dark,cc/validation/13819_2141437796,imagenet170,candle
a night by tags : light portrait dark candle,cc/validation/13819_2141437796,imagenet170,candle
"female hands with burning candle in the dark , woman lighting up the candle as religious ceremony",cc/validation/13819_2141437796,imagenet170,candle
a young boy holds a candle at a candlelit vigil commemorating the anniversary of the massacre,cc/validation/13819_2141437796,imagenet170,candle
an image of a birthday cake with candle,cc/validation/13819_2141437796,imagenet170,candle
"a rusty spring , evergreen and candle , but would work for any season",cc/validation/13819_2141437796,imagenet170,candle
cup candle holders are boring without moss ; give your candlesticks a wonderful looking theme and small details to make them look any less boring .,cc/validation/13819_2141437796,imagenet170,candle
close up shot of a candle whose flame is flickering and dancing then suddenly blown out and shot goes into darkness .,cc/validation/13819_2141437796,imagenet170,candle
a candle in the window of a cabin .,cc/validation/13819_2141437796,imagenet170,candle
still life with a candle for mothers day on an old shabby wooden table,cc/validation/13819_2141437796,imagenet170,candle
lantern with a lit candle against dark rustic wooden background,cc/validation/13819_2141437796,imagenet170,candle
bank of red votive candles with hand reaching from right to light a candle,cc/validation/13819_2141437796,imagenet170,candle
a candle is lit where once religious leader encamped with his family and friends .,cc/validation/13819_2141437796,imagenet170,candle
birthday cake with candle on a plate,cc/validation/13819_2141437796,imagenet170,candle
lantern with a burning candle .,cc/validation/13819_2141437796,imagenet170,candle
constitutional republic hold a candle outside the house of statesman following his death .,cc/validation/13819_2141437796,imagenet170,candle
lighting a candle for my grandmother,cc/validation/13819_2141437796,imagenet170,candle
candle that lights in complete darkness and gets blown away in the end,cc/validation/13819_2141437796,imagenet170,candle
pairs of hands hold a candle,cc/validation/13819_2141437796,imagenet170,candle
burning candle on a background of twinkling christmas lights,cc/validation/13819_2141437796,imagenet170,candle
light a candle - create a spa at home,cc/validation/13819_2141437796,imagenet170,candle
christmas candle on a light background,cc/validation/13819_2141437796,imagenet170,candle
a candle burning on a table during christmas time,cc/validation/13819_2141437796,imagenet170,candle
"single candle burning in the dark , close up",cc/validation/13819_2141437796,imagenet170,candle
"candle in the night , close up",cc/validation/13819_2141437796,imagenet170,candle
"bottle of poison , the bird 's skull and a burning candle .",cc/validation/13819_2141437796,imagenet170,candle
image with a burning candle on an ancient concept .,cc/validation/13819_2141437796,imagenet170,candle
fill it with fragrant flowers or put in a candle to create a striking centerpiece !,cc/validation/13819_2141437796,imagenet170,candle
a woman burns out and melts just like a candle .,cc/validation/13819_2141437796,imagenet170,candle
yellow candle on the background with smoke,cc/validation/13819_2141437796,imagenet170,candle
little boy studying in low light with a burning candle,cc/validation/13819_2141437796,imagenet170,candle
birthday cake with burning candle as a number five,cc/validation/13819_2141437796,imagenet170,candle
silver candle with the twig of the spruce and bells,cc/validation/13819_2141437796,imagenet170,candle
ninetieth 90th birthday cupcake with candle .,cc/validation/13819_2141437796,imagenet170,candle
put glue on the candle and roll in coffee beans - i bet this smells wonderful !,cc/validation/13819_2141437796,imagenet170,candle
chocolate birthday cake surrounded by confetti with lit candle for a twentieth birthday or anniversary celebration,cc/validation/13819_2141437796,imagenet170,candle
number - birthday candle burning - blow out at the end,cc/validation/13819_2141437796,imagenet170,candle
a single golden candle isolated in front of white background,cc/validation/13819_2141437796,imagenet170,candle
a candle burning on a table during christmas time,cc/validation/13819_2141437796,imagenet170,candle
christmas candle against shone bulbs of a new year 's garland,cc/validation/13819_2141437796,imagenet170,candle
a bollinger champagne bottle used as a candle holder,cc/validation/13819_2141437796,imagenet170,candle
fill it with fragrant flowers or put in a candle to create a striking centerpiece !,cc/validation/13819_2141437796,imagenet170,candle
christmas candle and with marshmallows in a glass jar .,cc/validation/13819_2141437796,imagenet170,candle
person with candle in the dark,cc/validation/13819_2141437796,imagenet170,candle
macro shot of a match lighting a white candle,cc/validation/13819_2141437796,imagenet170,candle
"white candle in the dark , camera pans slowly to the right",cc/validation/13819_2141437796,imagenet170,candle
person lights a candle in a candlestick,cc/validation/13819_2141437796,imagenet170,candle
senior man holding a candle during timer,cc/validation/13819_2141437796,imagenet170,candle
a woman lights a candle,cc/validation/13819_2141437796,imagenet170,candle
"christmas candles ; decoration with a lit candle and beautiful colorful ornaments with blurred background , video clip",cc/validation/13819_2141437796,imagenet170,candle
"yellow candle lit on a bottle used as a candlestick , the melted wax from previously used candles makes up a history",cc/validation/13819_2141437796,imagenet170,candle
still life with a candle for mothers day on an old shabby wooden table,cc/validation/13819_2141437796,imagenet170,candle
christmas wreath with burning candle turning on a red background,cc/validation/13819_2141437796,imagenet170,candle
silver candle with the twig of the spruce and bells,cc/validation/13819_2141437796,imagenet170,candle
a single golden candle isolated in front of white background,cc/validation/13819_2141437796,imagenet170,candle
"real love is not based on romance , candle light dinner , and walks along the beach .",cc/validation/13819_2141437796,imagenet170,candle
turning off an isolated candle with fingers,cc/validation/13819_2141437796,imagenet170,candle
red ceramic dishes with black tea and a burning candle,cc/validation/13819_2141437796,imagenet170,candle
the joy of the season - candle light,cc/validation/13819_2141437796,imagenet170,candle
"hold out your candle , for all to see it",cc/validation/13819_2141437796,imagenet170,candle
"ink drawing of a birthday , candle on top .",cc/validation/13819_2141437796,imagenet170,candle
candle light in the dark,cc/validation/13819_2141437796,imagenet170,candle
offerings like flowers and candle floating,cc/validation/13819_2141437796,imagenet170,candle
electric light did not come about from the continuous improvement of the candle ... author,cc/validation/13819_2141437796,imagenet170,candle
small candle burning in a temple to worship,cc/validation/13819_2141437796,imagenet170,candle
a plume of smoke from an extinguished candle .,cc/validation/13819_2141437796,imagenet170,candle
red burning candle on a dark background,cc/validation/13819_2141437796,imagenet170,candle
an open book with blank pages lies on a wooden table on the background of other standing books and burning candle,cc/validation/13819_2141437796,imagenet170,candle
single candle lit in the dark .,cc/validation/13819_2141437796,imagenet170,candle
a christmas setting of a burning candle turning against a black background,cc/validation/13819_2141437796,imagenet170,candle
lantern with a candle and christmas tree branch on a wooden table .,cc/validation/13819_2141437796,imagenet170,candle
layers of juicy berries & sugar that blend to create unique candle !,cc/validation/13819_2141437796,imagenet170,candle
a candle in the middle of coloured pulses,cc/validation/13819_2141437796,imagenet170,candle
fill it with fragrant flowers or put in a candle to create a striking centerpiece !,cc/validation/13819_2141437796,imagenet170,candle
candle in a bowl decorated with hearts black silhouette on isolated background .,cc/validation/13819_2141437796,imagenet170,candle
spa still life with burning candle and flower of person on wooden background,cc/validation/13819_2141437796,imagenet170,candle
religious leadership title blows out a candle on a cake to celebrate his 80th birthday on the pyramid stage as he visits festival .,cc/validation/13819_2141437796,imagenet170,candle
white birthday cake with blue piping with a candle on top,cc/validation/13819_2141437796,imagenet170,candle
old woman in a scarf looks at a candle .,cc/validation/13819_2141437796,imagenet170,candle
lonely candle in the dark .,cc/validation/13819_2141437796,imagenet170,candle
the silhouette of a hand holding a lit candle,cc/validation/13819_2141437796,imagenet170,candle
color of stars look at the candle and burner .,cc/validation/13819_2141437796,imagenet170,candle
"burning decorative candle in a glass jar , filled with bits of shells and very small pebbles , isolated on a red background",cc/validation/13819_2141437796,imagenet170,candle
a cartoon illustration of a candle with an idea,cc/validation/13819_2141437796,imagenet170,candle
wine and candle and flowers on the piano,cc/validation/13819_2141437796,imagenet170,candle
hand - drawn golden arabic lantern with a candle .,cc/validation/13819_2141437796,imagenet170,candle
sad boy starring at a small birthday cake with lit candle,cc/validation/13819_2141437796,imagenet170,candle
bright burning candle in the dark,cc/validation/13819_2141437796,imagenet170,candle
candle forms icons set in green color isolated vector illustration for web and any design illustration,cc/validation/13819_2141437796,imagenet170,candle
"a candle in an antique candle holder sitting on a table beside a window , illuminated by light through a curtain",cc/validation/13819_2141437796,imagenet170,candle
"a candle being blown out in a monastery 's cell , with a cross on the old wall",cc/validation/13819_2141437796,imagenet170,candle
woman lights a candle in the shape of number on the cake,cc/validation/13819_2141437796,imagenet170,candle
a candle in the middle of coloured pulses,cc/validation/13819_2141437796,imagenet170,candle
low key cat or pet with a candle,cc/validation/13819_2141437796,imagenet170,candle
"high - backed seats , walls of flowers and a candle - lit table - the lavish set up for the luxurious nuptials",cc/validation/13819_2141437796,imagenet170,candle
cat sniffing wreath with a candle,cc/validation/13819_2141437796,imagenet170,candle
old stack of books with candlestick and burning candle on the wooden table,cc/validation/13819_2141437796,imagenet170,candle
a woman burns out and melts just like a candle .,cc/validation/13819_2141437796,imagenet170,candle
burning the candle at both ends,cc/validation/13819_2141437796,imagenet170,candle
people during a romantic candle light dinner,cc/validation/13819_2141437796,imagenet170,candle
candle light in the garden ... very romantic !,cc/validation/13819_2141437796,imagenet170,candle
the candle burns in the darkness with a bright flame .,cc/validation/13819_2141437796,imagenet170,candle
invention with led candle * you can find out more details at the link of the image .,cc/validation/13819_2141437796,imagenet170,candle
video of a candle that is blown out at the end,cc/validation/13819_2141437796,imagenet170,candle
image of young parents celebrating a birthday party for their daughter while blowing out a candle on the cake,cc/validation/13819_2141437796,imagenet170,candle
christmas candle on the background of fireworks,cc/validation/13819_2141437796,imagenet170,candle
"a candle burns in a dark room , with a reflection of the flame seen in the melted wax below it",cc/validation/13819_2141437796,imagenet170,candle
"real love is not based on romance , candle light dinner , and walks along the beach .",cc/validation/13819_2141437796,imagenet170,candle
hand holding a lit candle in the dark,cc/validation/13819_2141437796,imagenet170,candle
a moody image of a holy bible cover next to a red candle light,cc/validation/13819_2141437796,imagenet170,candle
religious leader lights a candle,cc/validation/13819_2141437796,imagenet170,candle
